Code,Date,Open,High,Low,Close,Volume,Value,Trades
SE1,23/12/2016,0.385,0.390,0.330,0.335,2954618,1051967.385,232
SE1,28/12/2016,0.340,0.370,0.340,0.350,644785,225047.070,62
SE1,29/12/2016,0.350,0.350,0.340,0.340,397730,137889.990,21
SE1,30/12/2016,0.335,0.335,0.330,0.330,176501,58719.135,19
SE1,03/01/2017,0.330,0.340,0.320,0.340,336751,109794.070,27
SE1,04/01/2017,0.340,0.370,0.340,0.370,371686,131189.340,37
SE1,05/01/2017,0.370,0.370,0.350,0.350,354605,126103.135,24
SE1,06/01/2017,0.355,0.365,0.345,0.345,339270,118848.500,19
SE1,09/01/2017,0.350,0.350,0.315,0.325,608923,204117.890,47
SE1,10/01/2017,0.330,0.345,0.325,0.340,411444,137208.740,30
SE1,11/01/2017,0.340,0.345,0.335,0.340,62380,21159.200,8
SE1,12/01/2017,0.340,0.340,0.325,0.330,269899,89044.735,23
SE1,13/01/2017,0.325,0.330,0.325,0.330,109197,35818.010,7
SE1,16/01/2017,0.330,0.330,0.325,0.325,93037,30624.475,11
SE1,17/01/2017,0.330,0.350,0.325,0.340,428500,145818.955,36
SE1,18/01/2017,0.345,0.390,0.345,0.390,710336,267430.770,67
SE1,19/01/2017,0.390,0.395,0.380,0.380,153534,60012.870,14
SE1,20/01/2017,0.380,0.385,0.350,0.385,368141,134736.625,40
SE1,23/01/2017,0.380,0.390,0.370,0.380,185690,70377.595,22
SE1,24/01/2017,0.380,0.380,0.360,0.360,144356,52650.280,14
SE1,25/01/2017,0.360,0.360,0.340,0.350,391806,135466.370,41
SE1,27/01/2017,0.340,0.355,0.340,0.355,345900,118137.150,29
SE1,30/01/2017,0.355,0.365,0.335,0.350,296770,103066.480,18
SE1,31/01/2017,0.360,0.360,0.345,0.350,108571,37975.850,14
SE1,01/02/2017,0.345,0.370,0.345,0.370,235000,82630.000,25
SE1,02/02/2017,0.360,0.370,0.350,0.350,478394,170195.635,29
SE1,03/02/2017,0.350,0.350,0.330,0.335,345228,118241.915,19
SE1,06/02/2017,0.330,0.335,0.320,0.335,573067,186747.910,43
SE1,07/02/2017,0.335,0.360,0.335,0.350,260000,90688.795,22
SE1,08/02/2017,0.325,0.340,0.325,0.325,48500,15850.000,8
SE1,09/02/2017,0.325,0.330,0.310,0.320,520262,165655.900,22
SE1,10/02/2017,0.320,0.325,0.320,0.325,79833,25868.770,9
SE1,13/02/2017,0.325,0.340,0.320,0.320,230376,77155.240,16
SE1,14/02/2017,0.320,0.330,0.305,0.330,425789,131506.020,25
SE1,15/02/2017,0.335,0.345,0.325,0.340,589384,199163.615,53
SE1,16/02/2017,0.340,0.345,0.330,0.345,73014,24520.330,10
SE1,17/02/2017,0.340,0.340,0.335,0.335,100000,33800.000,5
SE1,20/02/2017,0.340,0.345,0.300,0.310,1010010,316729.360,71
SE1,21/02/2017,0.300,0.330,0.300,0.310,249857,78453.100,38
SE1,22/02/2017,0.310,0.310,0.305,0.310,57000,17599.500,4
SE1,23/02/2017,0.305,0.310,0.300,0.305,207906,63019.095,18
SE1,24/02/2017,0.305,0.310,0.300,0.305,136615,41425.650,9
SE1,27/02/2017,0.310,0.320,0.290,0.290,160825,48803.555,10
SE1,28/02/2017,0.310,0.320,0.290,0.290,510705,154076.535,24
SE1,01/03/2017,0.310,0.320,0.285,0.310,343224,103773.635,28
SE1,02/03/2017,0.295,0.295,0.290,0.290,23900,7034.750,3
SE1,03/03/2017,0.290,0.300,0.270,0.300,253000,73094.500,13
SE1,06/03/2017,0.305,0.305,0.300,0.300,12892,3875.810,3
SE1,07/03/2017,0.300,0.310,0.300,0.300,86250,26104.790,8
SE1,08/03/2017,0.300,0.300,0.300,0.300,71565,21469.500,7
SE1,09/03/2017,0.285,0.300,0.275,0.285,187893,53048.755,19
SE1,10/03/2017,0.300,0.300,0.290,0.300,276000,80536.150,16
SE1,13/03/2017,0.295,0.295,0.285,0.285,34018,9761.790,3
SE1,14/03/2017,0.290,0.295,0.285,0.285,137000,39655.000,9
SE1,15/03/2017,0.290,0.330,0.290,0.315,161272,50011.790,16
SE1,16/03/2017,0.310,0.315,0.310,0.315,66342,20747.730,2
SE1,17/03/2017,0.300,0.310,0.300,0.310,33183,9969.720,6
SE1,20/03/2017,0.310,0.360,0.310,0.335,486505,160962.720,29
SE1,21/03/2017,0.335,0.350,0.330,0.350,378661,128225.330,32
SE1,22/03/2017,0.350,0.370,0.335,0.360,610623,215262.430,41
SE1,23/03/2017,0.360,0.360,0.340,0.350,415353,143625.300,30
SE1,24/03/2017,0.350,0.380,0.350,0.375,474732,172225.380,36
SE1,27/03/2017,0.375,0.375,0.370,0.370,66150,24698.000,6
SE1,28/03/2017,0.350,0.350,0.330,0.350,581250,197970.000,20
SE1,29/03/2017,0.340,0.350,0.340,0.350,25000,8550.000,2
SE1,30/03/2017,0.340,0.340,0.325,0.340,125000,40967.500,15
SE1,31/03/2017,0.325,0.360,0.320,0.360,182223,59731.510,20
SE1,03/04/2017,0.000,0.000,0.000,0.360,0,0.000,0
SE1,04/04/2017,0.360,0.370,0.360,0.370,59500,21667.920,6
SE1,05/04/2017,0.360,0.360,0.330,0.330,28749,10032.170,4
SE1,06/04/2017,0.350,0.395,0.350,0.375,946362,356304.790,40
SE1,07/04/2017,0.385,0.435,0.380,0.420,809072,330770.200,62
SE1,10/04/2017,0.420,0.420,0.380,0.380,595354,234793.200,46
SE1,11/04/2017,0.380,0.390,0.365,0.390,178424,66872.385,16
SE1,12/04/2017,0.390,0.390,0.360,0.360,150964,55352.290,17
SE1,13/04/2017,0.390,0.430,0.390,0.430,964013,390038.750,49
SE1,18/04/2017,0.420,0.420,0.370,0.400,343930,137608.090,23
SE1,19/04/2017,0.380,0.400,0.380,0.400,55045,21757.100,5
SE1,20/04/2017,0.400,0.420,0.380,0.420,192820,78592.115,24
SE1,21/04/2017,0.420,0.450,0.400,0.440,391199,161002.615,17
SE1,24/04/2017,0.450,0.470,0.440,0.450,287789,131281.015,46
SE1,26/04/2017,0.445,0.445,0.420,0.420,48893,21113.455,8
SE1,27/04/2017,0.430,0.430,0.410,0.410,115926,49109.920,11
SE1,28/04/2017,0.430,0.430,0.400,0.430,1151732,474994.050,42
SE1,01/05/2017,0.390,0.390,0.390,0.390,32225,12567.750,3
SE1,02/05/2017,0.385,0.385,0.380,0.380,54300,20655.500,2
SE1,03/05/2017,0.380,0.395,0.360,0.395,596468,223207.410,24
SE1,04/05/2017,0.385,0.385,0.350,0.370,138805,49995.570,16
SE1,05/05/2017,0.360,0.375,0.360,0.370,46494,16970.015,8
SE1,08/05/2017,0.360,0.370,0.360,0.370,60000,21916.960,4
SE1,09/05/2017,0.350,0.375,0.340,0.375,373506,128199.450,12
SE1,10/05/2017,0.365,0.375,0.340,0.370,679147,236639.605,30
SE1,11/05/2017,0.360,0.360,0.355,0.360,183396,66011.080,7
SE1,12/05/2017,0.360,0.360,0.350,0.350,90385,31934.750,5
SE1,15/05/2017,0.350,0.360,0.350,0.350,108387,38473.930,5
SE1,16/05/2017,0.360,0.365,0.350,0.365,43542,15694.440,8
SE1,17/05/2017,0.365,0.365,0.365,0.365,15835,5779.775,1
SE1,18/05/2017,0.340,0.350,0.325,0.345,164612,56273.780,6
SE1,19/05/2017,0.325,0.325,0.320,0.320,92500,29603.380,4
SE1,22/05/2017,0.330,0.340,0.320,0.330,61406,20132.220,7
SE1,23/05/2017,0.320,0.320,0.305,0.310,321656,100345.065,11
SE1,24/05/2017,0.310,0.315,0.295,0.310,295609,90493.290,22
SE1,25/05/2017,0.310,0.335,0.310,0.335,32357,10550.670,6
SE1,26/05/2017,0.335,0.335,0.335,0.335,23880,7999.800,2
SE1,29/05/2017,0.350,0.350,0.350,0.350,46146,16151.100,7
SE1,30/05/2017,0.350,0.350,0.320,0.320,232830,77480.600,17
SE1,31/05/2017,0.320,0.330,0.310,0.330,110580,35439.550,9
SE1,01/06/2017,0.335,0.340,0.335,0.340,125000,42387.500,6
SE1,02/06/2017,0.340,0.340,0.310,0.325,401394,125249.640,24
SE1,05/06/2017,0.310,0.330,0.300,0.330,120173,36260.190,9
SE1,06/06/2017,0.330,0.330,0.295,0.310,172850,51556.360,12
SE1,07/06/2017,0.300,0.310,0.295,0.310,17892,5324.570,3
SE1,08/06/2017,0.300,0.310,0.300,0.310,285000,85900.000,8
SE1,09/06/2017,0.300,0.320,0.300,0.320,86827,26469.100,8
SE1,13/06/2017,0.300,0.300,0.300,0.300,84774,25432.200,3
SE1,14/06/2017,0.300,0.310,0.300,0.310,42300,12738.000,3
SE1,15/06/2017,0.320,0.320,0.300,0.300,52293,15723.960,3
SE1,16/06/2017,0.000,0.000,0.000,0.300,0,0.000,0
SE1,19/06/2017,0.305,0.310,0.300,0.300,95032,28746.410,9
SE1,20/06/2017,0.000,0.000,0.000,0.300,0,0.000,0
SE1,21/06/2017,0.310,0.330,0.310,0.330,152879,49936.350,13
SE1,22/06/2017,0.305,0.305,0.300,0.300,20000,6075.000,2
SE1,23/06/2017,0.310,0.310,0.310,0.310,28617,8871.270,3
SE1,26/06/2017,0.310,0.310,0.300,0.300,16383,5018.730,2
SE1,27/06/2017,0.300,0.300,0.290,0.300,346315,100999.965,8
SE1,28/06/2017,0.300,0.315,0.300,0.315,205344,61678.200,5
SE1,29/06/2017,0.300,0.300,0.290,0.300,269813,80370.200,16
SE1,30/06/2017,0.305,0.305,0.300,0.300,190918,57690.400,10
SE1,03/07/2017,0.305,0.305,0.300,0.300,70802,21390.900,5
SE1,04/07/2017,0.290,0.290,0.290,0.290,82500,23925.000,8
SE1,05/07/2017,0.300,0.300,0.300,0.300,2260,678.000,1
SE1,06/07/2017,0.290,0.290,0.290,0.290,4541,1316.890,1
SE1,07/07/2017,0.300,0.300,0.290,0.295,62234,18286.240,7
SE1,10/07/2017,0.310,0.310,0.285,0.285,122634,36057.070,9
SE1,11/07/2017,0.300,0.300,0.290,0.290,57431,17156.390,5
SE1,12/07/2017,0.295,0.295,0.270,0.270,506572,144004.030,17
SE1,13/07/2017,0.270,0.275,0.265,0.270,630347,170174.845,20
SE1,14/07/2017,0.285,0.285,0.285,0.285,4334,1235.190,2
SE1,17/07/2017,0.280,0.280,0.270,0.270,30000,8200.000,5
SE1,18/07/2017,0.285,0.300,0.285,0.300,146406,43050.830,15
SE1,19/07/2017,0.300,0.350,0.300,0.350,161471,52941.450,18
SE1,20/07/2017,0.360,0.360,0.300,0.300,240527,76568.695,17
SE1,21/07/2017,0.310,0.335,0.280,0.335,1421612,423325.705,39
SE1,24/07/2017,0.330,0.330,0.300,0.300,209962,65679.860,17
SE1,25/07/2017,0.300,0.305,0.290,0.300,111346,33222.195,6
SE1,26/07/2017,0.300,0.345,0.300,0.345,460000,152450.045,42
SE1,27/07/2017,0.325,0.350,0.325,0.345,179000,60633.395,10
SE1,28/07/2017,0.345,0.345,0.345,0.345,3077,1061.565,1
SE1,31/07/2017,0.340,0.370,0.340,0.360,764261,275646.285,50
SE1,01/08/2017,0.370,0.390,0.360,0.380,634655,238001.970,50
SE1,02/08/2017,0.360,0.365,0.360,0.360,127299,45922.640,10
SE1,03/08/2017,0.355,0.355,0.350,0.350,96565,33849.050,9
SE1,04/08/2017,0.355,0.365,0.355,0.360,96146,34668.750,9
SE1,07/08/2017,0.350,0.350,0.330,0.330,247970,85709.500,13
SE1,08/08/2017,0.000,0.000,0.000,0.330,0,0.000,0
SE1,09/08/2017,0.000,0.000,0.000,0.330,0,0.000,0
SE1,10/08/2017,0.000,0.000,0.000,0.330,0,0.000,0
SE1,11/08/2017,0.000,0.000,0.000,0.330,0,0.000,0
SE1,14/08/2017,0.340,0.380,0.340,0.350,742745,265963.320,40
SE1,15/08/2017,0.350,0.350,0.330,0.340,510455,173501.400,28
SE1,16/08/2017,0.330,0.340,0.330,0.340,457730,155032.955,32
SE1,17/08/2017,0.325,0.340,0.320,0.325,424147,138911.490,28
SE1,18/08/2017,0.330,0.380,0.320,0.380,870000,301314.135,47
SE1,21/08/2017,0.380,0.380,0.330,0.330,118700,40123.500,8
SE1,22/08/2017,0.340,0.380,0.340,0.370,500310,179209.690,81
SE1,23/08/2017,0.370,0.370,0.340,0.365,437473,155218.110,19
SE1,24/08/2017,0.340,0.360,0.310,0.330,907257,292940.060,65
SE1,25/08/2017,0.320,0.325,0.315,0.320,834224,266887.180,33
SE1,28/08/2017,0.315,0.340,0.315,0.325,277330,89529.540,17
SE1,29/08/2017,0.315,0.320,0.305,0.305,363860,113907.265,21
SE1,30/08/2017,0.310,0.320,0.310,0.315,222289,70074.255,13
SE1,31/08/2017,0.320,0.330,0.320,0.320,478001,154817.560,28
SE1,01/09/2017,0.325,0.325,0.315,0.315,148109,47190.725,16
SE1,04/09/2017,0.330,0.330,0.305,0.305,431308,138535.010,22
SE1,05/09/2017,0.315,0.325,0.315,0.325,228829,73142.710,14
SE1,06/09/2017,0.325,0.325,0.310,0.310,230065,72613.740,11
SE1,07/09/2017,0.310,0.320,0.310,0.310,260922,81465.920,18
SE1,08/09/2017,0.310,0.310,0.305,0.305,233085,71487.150,13
SE1,11/09/2017,0.310,0.310,0.295,0.295,315794,95147.500,17
SE1,12/09/2017,0.290,0.295,0.275,0.295,270452,76808.190,28
SE1,13/09/2017,0.295,0.320,0.295,0.305,153276,47391.735,10
SE1,14/09/2017,0.285,0.295,0.280,0.280,143825,40835.745,14
SE1,15/09/2017,0.300,0.300,0.300,0.300,50000,15000.000,5
SE1,18/09/2017,0.295,0.300,0.280,0.280,245378,70565.605,17
SE1,19/09/2017,0.280,0.280,0.275,0.275,120560,33741.800,10
SE1,20/09/2017,0.290,0.320,0.270,0.300,727963,211330.435,52
SE1,21/09/2017,0.315,0.330,0.315,0.330,615586,200801.380,28
SE1,22/09/2017,0.320,0.340,0.320,0.320,162003,52801.020,7
SE1,25/09/2017,0.320,0.320,0.295,0.295,103342,30698.710,5
SE1,26/09/2017,0.295,0.305,0.285,0.305,45872,13320.330,6
SE1,27/09/2017,0.280,0.305,0.280,0.295,105829,31186.100,10
SE1,28/09/2017,0.295,0.310,0.285,0.310,299100,88058.995,15
SE1,29/09/2017,0.290,0.290,0.285,0.285,317334,91353.465,11
SE1,02/10/2017,0.285,0.285,0.285,0.285,113090,32230.650,7
SE1,03/10/2017,0.285,0.285,0.285,0.285,8206,2338.710,1
SE1,04/10/2017,0.300,0.300,0.300,0.300,7500,2250.000,1
SE1,05/10/2017,0.290,0.345,0.290,0.335,537292,174426.555,39
SE1,06/10/2017,0.340,0.350,0.335,0.340,509500,174931.680,25
SE1,09/10/2017,0.330,0.330,0.320,0.325,338425,110724.880,21
SE1,10/10/2017,0.340,0.340,0.325,0.325,105608,34902.870,8
SE1,11/10/2017,0.335,0.380,0.330,0.380,1153495,412431.710,58
SE1,12/10/2017,0.410,0.425,0.400,0.405,2972713,1224360.980,174
SE1,13/10/2017,0.410,0.415,0.380,0.385,796206,309940.625,45
SE1,16/10/2017,0.380,0.380,0.360,0.380,502299,186029.310,64
SE1,17/10/2017,0.360,0.365,0.355,0.365,333300,119764.105,12
SE1,18/10/2017,0.360,0.360,0.340,0.340,388833,134310.045,32
SE1,19/10/2017,0.345,0.355,0.340,0.345,198911,67754.180,15
SE1,20/10/2017,0.345,0.345,0.330,0.340,343097,116377.795,16
SE1,23/10/2017,0.340,0.340,0.320,0.320,792883,260310.270,29
SE1,24/10/2017,0.320,0.335,0.310,0.330,262493,85675.350,16
SE1,25/10/2017,0.330,0.330,0.315,0.315,202429,64954.070,14
SE1,26/10/2017,0.320,0.325,0.320,0.325,150254,48330.515,11
SE1,27/10/2017,0.330,0.340,0.320,0.340,236194,77013.105,22
SE1,30/10/2017,0.330,0.350,0.330,0.350,1299593,421646.680,28
SE1,31/10/2017,0.350,0.350,0.340,0.345,61863,21543.420,6
SE1,01/11/2017,0.335,0.335,0.325,0.335,175004,57780.080,39
SE1,02/11/2017,0.335,0.365,0.335,0.365,182348,65113.965,23
SE1,03/11/2017,0.370,0.380,0.345,0.360,748235,271116.680,38
SE1,06/11/2017,0.360,0.360,0.335,0.340,170653,59017.925,12
SE1,07/11/2017,0.340,0.340,0.340,0.340,42526,14458.840,2
SE1,08/11/2017,0.345,0.345,0.330,0.345,181637,61809.295,14
SE1,09/11/2017,0.345,0.375,0.340,0.370,309894,108246.110,17
SE1,10/11/2017,0.365,0.375,0.330,0.375,658287,236327.910,37
SE1,13/11/2017,0.380,0.390,0.355,0.360,177716,65728.400,22
SE1,14/11/2017,0.355,0.355,0.330,0.350,351093,119331.400,22
SE1,15/11/2017,0.355,0.360,0.345,0.350,103120,36287.200,10
SE1,16/11/2017,0.345,0.345,0.330,0.345,97783,32664.165,15
SE1,17/11/2017,0.325,0.360,0.325,0.360,19181,6442.830,7
SE1,20/11/2017,0.345,0.345,0.345,0.345,27586,9517.170,2
SE1,21/11/2017,0.000,0.000,0.000,0.345,0,0.000,0
SE1,22/11/2017,0.000,0.000,0.000,0.345,0,0.000,0
SE1,23/11/2017,0.345,0.345,0.325,0.330,1037667,343998.325,85
SE1,24/11/2017,0.330,0.330,0.310,0.310,436498,140610.700,38
SE1,27/11/2017,0.315,0.315,0.285,0.290,720810,216221.621,75
SE1,28/11/2017,0.290,0.305,0.285,0.305,732103,218143.085,87
SE1,29/11/2017,0.305,0.325,0.305,0.320,541554,169568.875,83
SE1,30/11/2017,0.305,0.305,0.300,0.300,208337,62750.165,21
SE1,01/12/2017,0.305,0.305,0.295,0.295,160206,47561.805,26
SE1,04/12/2017,0.295,0.295,0.275,0.290,844001,243836.070,48
SE1,05/12/2017,0.280,0.320,0.270,0.295,1222205,362321.760,64
SE1,06/12/2017,0.300,0.300,0.285,0.300,832844,247117.285,28
SE1,07/12/2017,0.300,0.300,0.290,0.300,123888,36352.520,8
SE1,08/12/2017,0.300,0.305,0.290,0.300,401007,119781.840,17
SE1,11/12/2017,0.300,0.300,0.285,0.295,273260,78840.075,10
SE1,12/12/2017,0.290,0.290,0.280,0.280,440518,123986.190,15
SE1,13/12/2017,0.275,0.295,0.270,0.295,668293,188459.720,37
SE1,14/12/2017,0.280,0.280,0.280,0.280,225669,63187.320,19
SE1,15/12/2017,0.280,0.280,0.275,0.275,116655,32352.315,11
SE1,18/12/2017,0.280,0.290,0.275,0.290,126969,35883.585,8
SE1,19/12/2017,0.290,0.290,0.280,0.290,32629,9376.120,3
SE1,20/12/2017,0.275,0.285,0.275,0.280,61968,17333.090,15
SE1,21/12/2017,0.280,0.280,0.265,0.265,108004,29924.620,31
SE1,22/12/2017,0.260,0.275,0.250,0.275,318284,82257.565,25
SE1,27/12/2017,0.250,0.250,0.240,0.240,111396,27145.475,7
SE1,28/12/2017,0.240,0.290,0.240,0.285,70632,19526.510,13
SE1,29/12/2017,0.280,0.295,0.270,0.295,372202,107045.240,25
SE1,02/01/2018,0.295,0.300,0.280,0.300,514991,151620.705,32
SE1,03/01/2018,0.290,0.305,0.285,0.305,242783,71630.545,19
SE1,04/01/2018,0.305,0.305,0.300,0.300,94213,28718.900,11
SE1,05/01/2018,0.285,0.290,0.285,0.290,42454,12279.260,5
SE1,08/01/2018,0.290,0.290,0.280,0.280,26603,7483.320,3
SE1,09/01/2018,0.290,0.290,0.270,0.280,29869,8330.580,9
SE1,10/01/2018,0.280,0.310,0.280,0.300,589499,176854.205,27
SE1,11/01/2018,0.310,0.320,0.295,0.320,386296,119968.300,26
SE1,12/01/2018,0.305,0.305,0.305,0.305,14339,4373.395,3
SE1,15/01/2018,0.320,0.325,0.300,0.300,300010,93641.320,28
SE1,16/01/2018,0.300,0.310,0.290,0.300,114343,34349.025,10
SE1,17/01/2018,0.285,0.285,0.285,0.285,5385,1534.725,2
SE1,18/01/2018,0.280,0.330,0.280,0.325,288489,90395.375,19
SE1,19/01/2018,0.310,0.310,0.310,0.310,3870,1199.700,2
SE1,22/01/2018,0.295,0.295,0.280,0.280,352673,102365.790,15
SE1,23/01/2018,0.280,0.285,0.275,0.285,204704,57363.740,9
SE1,24/01/2018,0.280,0.290,0.270,0.275,474581,131226.410,24
SE1,25/01/2018,0.280,0.280,0.280,0.280,65533,18349.240,2
SE1,29/01/2018,0.290,0.290,0.270,0.270,125701,34998.220,14
SE1,30/01/2018,0.000,0.000,0.000,0.270,0,0.000,0
SE1,31/01/2018,0.270,0.285,0.265,0.285,233009,64848.555,13
SE1,01/02/2018,0.270,0.290,0.270,0.285,365455,103569.535,15
SE1,02/02/2018,0.280,0.280,0.280,0.280,350000,98000.000,5
SE1,05/02/2018,0.270,0.270,0.265,0.265,160310,42996.540,12
SE1,06/02/2018,0.255,0.280,0.250,0.280,574684,153052.505,22
SE1,07/02/2018,0.270,0.270,0.250,0.250,344926,89054.170,20
SE1,08/02/2018,0.250,0.280,0.250,0.270,155695,40787.800,11
SE1,09/02/2018,0.250,0.275,0.250,0.260,123749,31940.840,7
SE1,12/02/2018,0.260,0.260,0.260,0.260,146546,38101.960,1
SE1,13/02/2018,0.245,0.270,0.240,0.260,549572,135015.225,25
SE1,14/02/2018,0.260,0.260,0.245,0.245,47583,11959.535,7
SE1,15/02/2018,0.245,0.260,0.245,0.250,194053,48509.245,15
SE1,16/02/2018,0.250,0.260,0.240,0.260,1027616,256180.585,41
SE1,19/02/2018,0.240,0.240,0.240,0.240,4488,1077.120,1
SE1,20/02/2018,0.240,0.275,0.220,0.270,1082839,263457.350,77
SE1,21/02/2018,0.270,0.280,0.255,0.275,265899,71386.700,18
SE1,22/02/2018,0.275,0.280,0.275,0.280,75000,20656.250,6
SE1,23/02/2018,0.255,0.255,0.255,0.255,10000,2550.000,1
SE1,26/02/2018,0.255,0.290,0.255,0.275,200163,55661.565,10
SE1,27/02/2018,0.275,0.275,0.270,0.270,7053,1919.310,3
SE1,28/02/2018,0.255,0.255,0.250,0.250,161289,40474.200,10
SE1,01/03/2018,0.250,0.250,0.250,0.250,11279,2819.750,2
SE1,02/03/2018,0.265,0.265,0.230,0.230,377966,89739.130,97
SE1,06/03/2018,0.235,0.260,0.235,0.250,305150,75824.470,15
SE1,07/03/2018,0.260,0.280,0.255,0.265,1272696,338626.700,85
SE1,08/03/2018,0.245,0.280,0.245,0.280,1211456,325732.565,48
SE1,09/03/2018,0.270,0.285,0.265,0.270,973783,265102.420,43
SE1,12/03/2018,0.270,0.290,0.270,0.290,188750,52075.000,12
SE1,13/03/2018,0.265,0.300,0.260,0.295,393750,112998.155,34
SE1,14/03/2018,0.285,0.300,0.285,0.285,722818,210187.500,44
SE1,15/03/2018,0.290,0.305,0.285,0.285,622676,183591.770,19
SE1,16/03/2018,0.280,0.290,0.275,0.275,121045,33978.490,15
SE1,19/03/2018,0.260,0.285,0.250,0.285,183571,49192.915,23
SE1,20/03/2018,0.280,0.285,0.265,0.280,137324,38212.825,12
SE1,21/03/2018,0.000,0.000,0.000,0.280,0,0.000,0
SE1,22/03/2018,0.255,0.270,0.250,0.250,195656,50576.685,11
SE1,23/03/2018,0.240,0.240,0.235,0.240,69623,16435.270,9
SE1,26/03/2018,0.240,0.240,0.240,0.240,2345,562.800,1
SE1,27/03/2018,0.250,0.250,0.240,0.240,68000,16900.000,5
SE1,28/03/2018,0.220,0.240,0.220,0.240,35452,8230.940,6
SE1,29/03/2018,0.220,0.250,0.220,0.230,255009,59462.560,16
SE1,03/04/2018,0.235,0.250,0.225,0.225,149491,35332.295,9
SE1,04/04/2018,0.240,0.270,0.240,0.270,690420,176839.475,72
SE1,05/04/2018,0.275,0.275,0.260,0.265,97573,25795.125,10
SE1,06/04/2018,0.000,0.000,0.000,0.265,0,0.000,0
SE1,09/04/2018,0.000,0.000,0.000,0.265,0,0.000,0
SE1,10/04/2018,0.250,0.260,0.240,0.260,353968,86009.920,8
SE1,11/04/2018,0.240,0.260,0.240,0.260,17148,4158.480,2
SE1,12/04/2018,0.000,0.000,0.000,0.260,0,0.000,0
SE1,13/04/2018,0.230,0.230,0.225,0.225,52572,12043.700,2
SE1,16/04/2018,0.220,0.245,0.220,0.240,86586,19507.495,13
SE1,17/04/2018,0.220,0.240,0.215,0.225,223878,49040.225,16
SE1,18/04/2018,0.220,0.230,0.205,0.230,39702,8741.460,5
SE1,19/04/2018,0.250,0.260,0.250,0.255,14344,3609.005,5
SE1,20/04/2018,0.235,0.235,0.220,0.220,558731,123197.160,8
SE1,24/04/2018,0.215,0.225,0.200,0.215,437472,91605.255,20
SE1,26/04/2018,0.220,0.225,0.190,0.220,157822,33693.205,16
SE1,27/04/2018,0.215,0.215,0.200,0.210,63704,13514.305,9
SE1,30/04/2018,0.195,0.195,0.195,0.195,24555,4788.225,3
SE1,01/05/2018,0.195,0.195,0.175,0.190,287639,53264.750,21
SE1,02/05/2018,0.180,0.210,0.180,0.200,1106522,220331.055,18
SE1,03/05/2018,0.215,0.215,0.200,0.200,20524,4134.800,3
SE1,04/05/2018,0.200,0.235,0.200,0.235,772489,162562.030,31
SE1,07/05/2018,0.230,0.240,0.220,0.230,146986,32858.445,10
SE1,08/05/2018,0.210,0.230,0.210,0.215,159546,35589.725,11
SE1,09/05/2018,0.215,0.235,0.210,0.235,244097,53199.070,14
SE1,14/05/2018,0.230,0.240,0.225,0.225,170000,39650.000,6
SE1,15/05/2018,0.225,0.225,0.220,0.220,171174,37964.150,6
SE1,16/05/2018,0.210,0.220,0.210,0.220,596135,128222.340,12
SE1,17/05/2018,0.210,0.210,0.205,0.205,331302,68860.945,8
SE1,24/05/2018,0.200,0.210,0.200,0.200,298040,60410.450,13
SE1,25/05/2018,0.205,0.210,0.195,0.210,218929,44659.790,8
SE1,28/05/2018,0.210,0.210,0.195,0.200,111215,21773.000,7
SE1,29/05/2018,0.210,0.210,0.190,0.200,1401230,281959.645,58
SE1,30/05/2018,0.210,0.210,0.190,0.190,726870,146615.030,60
SE1,31/05/2018,0.195,0.195,0.180,0.180,1069802,195516.605,49
SE1,01/06/2018,0.180,0.195,0.180,0.190,3837695,728791.930,13
SE1,04/06/2018,0.185,0.185,0.175,0.175,158195,28971.950,7
SE1,05/06/2018,0.185,0.205,0.175,0.195,789455,152800.745,55
SE1,06/06/2018,0.190,0.200,0.190,0.190,251750,48183.880,18
SE1,07/06/2018,0.195,0.210,0.195,0.200,501734,99898.290,25
SE1,08/06/2018,0.200,0.200,0.190,0.195,512070,98906.040,18
SE1,12/06/2018,0.205,0.225,0.205,0.210,488014,102648.010,29
SE1,13/06/2018,0.210,0.210,0.190,0.195,951347,188163.225,43
SE1,14/06/2018,0.200,0.210,0.190,0.200,374204,73714.070,21
SE1,15/06/2018,0.190,0.190,0.190,0.190,125552,23854.880,4
SE1,18/06/2018,0.185,0.185,0.180,0.180,312394,56889.405,13
SE1,19/06/2018,0.190,0.190,0.175,0.185,397465,73040.850,12
SE1,20/06/2018,0.190,0.190,0.180,0.180,144863,26332.840,17
SE1,21/06/2018,0.180,0.195,0.180,0.190,91253,17437.835,6
SE1,22/06/2018,0.195,0.200,0.185,0.185,307584,59197.970,14
SE1,26/06/2018,0.185,0.185,0.185,0.185,47482,8784.170,6
SE1,27/06/2018,0.185,0.190,0.170,0.185,532472,95738.100,42
SE1,28/06/2018,0.185,0.185,0.175,0.185,148148,26526.115,7
SE1,29/06/2018,0.195,0.205,0.190,0.200,474516,95558.380,26
SE1,02/07/2018,0.200,0.200,0.190,0.200,397285,76033.600,14
SE1,03/07/2018,0.195,0.195,0.190,0.190,53169,10358.520,3
SE1,04/07/2018,0.185,0.190,0.180,0.180,181882,33569.015,7
SE1,05/07/2018,0.000,0.000,0.000,0.180,0,0.000,0
SE1,06/07/2018,0.190,0.190,0.190,0.190,56250,10687.500,4
SE1,09/07/2018,0.180,0.190,0.180,0.185,102148,18658.120,6
SE1,10/07/2018,0.190,0.190,0.180,0.180,135002,24680.360,8
SE1,11/07/2018,0.180,0.185,0.180,0.185,25800,4648.000,2
SE1,12/07/2018,0.180,0.180,0.180,0.180,2777,499.860,1
SE1,13/07/2018,0.180,0.190,0.175,0.180,100105,17645.225,8
SE1,16/07/2018,0.170,0.180,0.170,0.175,188352,32111.600,12
SE1,17/07/2018,0.170,0.185,0.165,0.185,142781,24267.655,10
SE1,18/07/2018,0.175,0.175,0.175,0.175,66000,11550.000,3
SE1,19/07/2018,0.170,0.170,0.165,0.170,1677472,283120.240,41
SE1,20/07/2018,0.165,0.170,0.160,0.165,851605,140369.825,15
SE1,24/07/2018,0.160,0.165,0.160,0.165,859770,137752.200,12
SE1,25/07/2018,0.175,0.185,0.170,0.170,1355750,240239.830,47
SE1,26/07/2018,0.180,0.190,0.175,0.185,592183,106261.780,25
SE1,27/07/2018,0.180,0.180,0.170,0.170,333834,57158.700,16
SE1,30/07/2018,0.165,0.165,0.160,0.160,247471,39962.325,6
SE1,31/07/2018,0.170,0.170,0.160,0.160,58680,9565.600,5
SE1,01/08/2018,0.000,0.000,0.000,0.160,0,0.000,0
SE1,02/08/2018,0.160,0.160,0.160,0.160,76083,12173.280,10
SE1,03/08/2018,0.165,0.165,0.160,0.165,190566,31401.140,10
SE1,06/08/2018,0.160,0.170,0.155,0.155,232363,36152.470,7
SE1,07/08/2018,0.160,0.160,0.155,0.155,37638,5934.580,5
SE1,08/08/2018,0.160,0.165,0.155,0.165,240108,38446.035,7
SE1,09/08/2018,0.000,0.000,0.000,0.165,0,0.000,0
SE1,10/08/2018,0.160,0.160,0.140,0.145,880115,132229.950,40
SE1,13/08/2018,0.000,0.000,0.000,0.145,0,0.000,0
SE1,14/08/2018,0.000,0.000,0.000,0.145,0,0.000,0
SE1,15/08/2018,0.135,0.140,0.120,0.130,275871,35640.065,18
SE1,16/08/2018,0.135,0.140,0.125,0.125,570361,75056.225,24
SE1,17/08/2018,0.115,0.125,0.115,0.115,350044,42560.205,24
SE1,20/08/2018,0.125,0.125,0.120,0.125,113971,13780.500,75
SE1,21/08/2018,0.130,0.130,0.117,0.125,396979,47532.595,55
SE1,22/08/2018,0.120,0.120,0.115,0.115,446335,52998.080,8
SE1,23/08/2018,0.122,0.125,0.120,0.125,327008,39292.558,18
SE1,24/08/2018,0.115,0.120,0.115,0.115,268658,32113.470,24
SE1,27/08/2018,0.120,0.125,0.120,0.120,170103,21037.360,7
SE1,28/08/2018,0.120,0.120,0.115,0.120,25584,3022.110,3
SE1,29/08/2018,0.120,0.125,0.120,0.125,204416,24802.000,4
SE1,30/08/2018,0.000,0.000,0.000,0.125,0,0.000,0
SE1,31/08/2018,0.130,0.130,0.120,0.120,196956,25339.539,10
SE1,03/09/2018,0.125,0.125,0.125,0.125,2424,303.000,1
SE1,04/09/2018,0.000,0.000,0.000,0.125,0,0.000,0
SE1,05/09/2018,0.120,0.120,0.120,0.120,122243,14669.160,3
SE1,06/09/2018,0.120,0.120,0.115,0.115,411877,47965.855,13
SE1,07/09/2018,0.000,0.000,0.000,0.125,0,0.000,0
SE1,10/09/2018,0.115,0.115,0.115,0.115,20888,2402.120,2
SE1,11/09/2018,0.115,0.120,0.110,0.120,875983,100683.470,23
SE1,12/09/2018,0.120,0.120,0.120,0.120,2106,252.720,4
SE1,13/09/2018,0.120,0.125,0.120,0.125,224054,27285.195,10
SE1,14/09/2018,0.130,0.150,0.125,0.145,2445479,347587.830,76
SE1,17/09/2018,0.145,0.145,0.130,0.140,677937,91926.905,30
SE1,18/09/2018,0.140,0.150,0.130,0.140,1112110,153930.355,32
SE1,19/09/2018,0.145,0.150,0.135,0.140,594858,85012.095,19
SE1,20/09/2018,0.140,0.140,0.135,0.140,767602,106736.270,18
SE1,21/09/2018,0.140,0.145,0.135,0.140,1019120,141397.735,24
SE1,24/09/2018,0.135,0.135,0.135,0.135,5708,770.580,3
SE1,25/09/2018,0.135,0.135,0.130,0.130,754450,100365.800,14
SE1,26/09/2018,0.130,0.130,0.125,0.125,186520,23660.850,7
SE1,27/09/2018,0.130,0.130,0.115,0.115,857655,104352.150,14
SE1,28/09/2018,0.120,0.130,0.115,0.130,327461,38254.960,19
SE1,01/10/2018,0.125,0.135,0.120,0.135,690825,84979.075,13
SE1,02/10/2018,0.130,0.130,0.130,0.130,1143,148.590,3
SE1,03/10/2018,0.120,0.130,0.120,0.130,30667,3701.960,4
SE1,04/10/2018,0.130,0.145,0.130,0.135,1805000,247524.380,53
SE1,05/10/2018,0.135,0.135,0.135,0.135,9392,1267.920,4
SE1,08/10/2018,0.135,0.140,0.125,0.125,655124,85138.130,14
SE1,09/10/2018,0.000,0.000,0.000,0.135,0,0.000,0
SE1,10/10/2018,0.000,0.000,0.000,0.135,0,0.000,0
SE1,11/10/2018,0.115,0.115,0.110,0.110,507449,58243.415,15
SE1,12/10/2018,0.110,0.120,0.110,0.120,462140,51422.480,6
SE1,15/10/2018,0.120,0.120,0.115,0.115,132644,15292.280,8
SE1,16/10/2018,0.115,0.120,0.110,0.115,795587,91586.440,20
SE1,17/10/2018,0.115,0.115,0.115,0.115,130,14.950,1
SE1,18/10/2018,0.120,0.120,0.120,0.120,130,15.600,1
SE1,19/10/2018,0.115,0.115,0.115,0.115,141,16.215,3
SE1,22/10/2018,0.115,0.115,0.110,0.110,500000,55357.605,8
SE1,23/10/2018,0.110,0.110,0.105,0.105,39,4.225,3
SE1,24/10/2018,0.110,0.110,0.110,0.110,13,1.430,1
SE1,25/10/2018,0.000,0.000,0.000,0.110,0,0.000,0
SE1,26/10/2018,0.000,0.000,0.000,0.110,0,0.000,0
SE1,29/10/2018,0.110,0.110,0.100,0.105,609990,63293.980,18
SE1,30/10/2018,0.105,0.105,0.099,0.100,1137300,113654.995,11
SE1,31/10/2018,0.105,0.110,0.095,0.095,1328012,129574.526,19
SE1,01/11/2018,0.100,0.110,0.100,0.105,261406,27743.035,7
SE1,02/11/2018,0.105,0.120,0.098,0.105,837839,90487.369,19
SE1,05/11/2018,0.000,0.000,0.000,0.105,0,0.000,0
SE1,06/11/2018,0.105,0.105,0.105,0.105,40000,4200.000,1
SE1,07/11/2018,0.100,0.110,0.099,0.100,2373662,239603.186,71
SE1,08/11/2018,0.000,0.000,0.000,0.110,0,0.000,0
SE1,09/11/2018,0.110,0.115,0.110,0.115,18303,2063.330,2
SE1,12/11/2018,0.110,0.110,0.110,0.110,1697,186.670,1
SE1,13/11/2018,0.110,0.110,0.105,0.105,362418,38390.980,14
SE1,14/11/2018,0.110,0.110,0.110,0.110,67740,7451.400,5
SE1,15/11/2018,0.110,0.110,0.100,0.110,89727,9314.970,9
SE1,16/11/2018,0.105,0.110,0.100,0.110,191000,19527.935,11
SE1,19/11/2018,0.000,0.000,0.000,0.105,0,0.000,0
SE1,20/11/2018,0.000,0.000,0.000,0.105,0,0.000,0
SE1,21/11/2018,0.000,0.000,0.000,0.105,0,0.000,0
SE1,22/11/2018,0.000,0.000,0.000,0.105,0,0.000,0
SE1,23/11/2018,0.110,0.110,0.110,0.110,46800,5148.000,1
SE1,26/11/2018,0.105,0.105,0.105,0.105,149453,15692.565,9
SE1,27/11/2018,0.000,0.000,0.000,0.105,0,0.000,0
SE1,28/11/2018,0.000,0.000,0.000,0.105,0,0.000,0
SE1,29/11/2018,0.120,0.120,0.120,0.120,130537,15664.440,5
SE1,30/11/2018,0.125,0.140,0.125,0.140,905851,122333.350,36
SE1,03/12/2018,0.000,0.000,0.000,0.130,0,0.000,0
SE1,04/12/2018,0.000,0.000,0.000,0.130,0,0.000,0
SE1,05/12/2018,0.120,0.120,0.120,0.120,867,104.040,1
SE1,06/12/2018,0.115,0.115,0.115,0.115,15000,1725.000,1
SE1,10/12/2018,0.000,0.000,0.000,0.125,0,0.000,0
SE1,11/12/2018,0.120,0.120,0.120,0.120,53528,6423.360,6
SE1,12/12/2018,0.120,0.120,0.120,0.120,124472,14936.640,6
SE1,13/12/2018,0.115,0.120,0.115,0.120,90000,10375.000,4
SE1,14/12/2018,0.115,0.120,0.110,0.120,242511,27295.035,13
SE1,17/12/2018,0.115,0.120,0.110,0.110,244449,27308.605,9
SE1,18/12/2018,0.110,0.110,0.105,0.105,579000,61135.000,8
SE1,19/12/2018,0.110,0.110,0.105,0.110,330000,34847.115,7
SE1,20/12/2018,0.105,0.105,0.105,0.105,424427,44564.835,6
SE1,21/12/2018,0.105,0.105,0.105,0.105,41164,4322.220,3
SE1,24/12/2018,0.000,0.000,0.000,0.105,0,0.000,0
SE1,27/12/2018,0.100,0.100,0.095,0.099,536466,53112.960,13
SE1,28/12/2018,0.099,0.099,0.097,0.098,262350,25679.474,8
SE1,31/12/2018,0.100,0.105,0.097,0.105,98516,10038.852,11
SE1,02/01/2019,0.105,0.105,0.105,0.105,37574,3945.270,8
SE1,03/01/2019,0.110,0.115,0.105,0.105,368091,39957.910,22
SE1,04/01/2019,0.110,0.110,0.105,0.105,57043,6237.560,12
SE1,07/01/2019,0.115,0.115,0.115,0.115,57196,6577.540,13
SE1,08/01/2019,0.120,0.120,0.115,0.120,133677,16025.320,19
SE1,09/01/2019,0.115,0.120,0.110,0.110,223873,26191.710,27
SE1,10/01/2019,0.115,0.115,0.110,0.115,68092,7828.390,17
SE1,11/01/2019,0.120,0.120,0.110,0.110,182767,21653.600,21
SE1,14/01/2019,0.120,0.120,0.110,0.110,70359,8294.845,20
SE1,15/01/2019,0.115,0.120,0.115,0.120,150107,17981.940,24
SE1,16/01/2019,0.125,0.135,0.120,0.130,376574,48685.680,15
SE1,17/01/2019,0.130,0.140,0.130,0.140,196704,27186.845,11
SE1,18/01/2019,0.135,0.135,0.130,0.130,147218,19184.585,8
SE1,21/01/2019,0.135,0.135,0.135,0.135,3556,480.060,3
SE1,22/01/2019,0.135,0.135,0.135,0.135,103098,13918.230,4
SE1,23/01/2019,0.130,0.135,0.130,0.135,76069,10023.165,7
SE1,24/01/2019,0.135,0.140,0.130,0.130,476448,63967.865,26
SE1,25/01/2019,0.130,0.135,0.125,0.135,239159,31889.165,10
SE1,29/01/2019,0.130,0.130,0.125,0.125,17614,2217.820,4
SE1,30/01/2019,0.000,0.000,0.000,0.125,0,0.000,0
SE1,31/01/2019,0.125,0.125,0.115,0.125,687990,82114.570,23
SE1,01/02/2019,0.115,0.120,0.110,0.120,142509,16174.050,16
SE1,04/02/2019,0.120,0.125,0.115,0.125,85108,10002.550,7
SE1,05/02/2019,0.125,0.125,0.125,0.125,6250,781.250,2
SE1,06/02/2019,0.115,0.120,0.115,0.115,129973,14971.890,9
SE1,07/02/2019,0.115,0.120,0.115,0.120,221500,25505.000,6
SE1,08/02/2019,0.120,0.120,0.120,0.120,251948,30233.760,6
SE1,11/02/2019,0.115,0.115,0.110,0.110,100000,11288.000,4
SE1,12/02/2019,0.115,0.115,0.100,0.110,981453,105567.280,23
SE1,13/02/2019,0.110,0.110,0.110,0.110,9150,1006.500,1
SE1,14/02/2019,0.110,0.110,0.110,0.110,210117,23112.870,5
SE1,15/02/2019,0.110,0.110,0.100,0.105,138705,14466.975,12
SE1,18/02/2019,0.110,0.110,0.105,0.110,232554,25330.940,7
SE1,19/02/2019,0.105,0.110,0.105,0.110,146205,15515.945,7
SE1,20/02/2019,0.110,0.115,0.105,0.110,230071,24832.810,14
SE1,21/02/2019,0.100,0.105,0.100,0.100,336795,33692.915,22
SE1,22/02/2019,0.105,0.105,0.105,0.105,8651,908.355,4
SE1,25/02/2019,0.105,0.130,0.105,0.125,1075131,130651.460,47
SE1,26/02/2019,0.130,0.135,0.130,0.130,745447,96972.845,29
SE1,27/02/2019,0.130,0.130,0.120,0.120,782034,96612.190,22
SE1,28/02/2019,0.120,0.120,0.115,0.115,619885,73043.490,16
SE1,01/03/2019,0.115,0.115,0.105,0.115,466708,51760.825,25
SE1,04/03/2019,0.115,0.115,0.115,0.115,75000,8625.000,5
SE1,05/03/2019,0.110,0.110,0.110,0.110,36742,4041.620,2
SE1,06/03/2019,0.000,0.000,0.000,0.110,0,0.000,0
SE1,07/03/2019,0.000,0.000,0.000,0.110,0,0.000,0
SE1,08/03/2019,0.115,0.130,0.115,0.125,366765,44647.825,20
SE1,11/03/2019,0.125,0.125,0.120,0.120,250486,30089.720,12
SE1,12/03/2019,0.125,0.130,0.125,0.125,160000,20003.600,11
SE1,13/03/2019,0.130,0.130,0.125,0.130,2033990,263484.775,39
SE1,14/03/2019,0.135,0.145,0.130,0.130,2367224,322392.010,140
SE1,15/03/2019,0.130,0.130,0.130,0.130,220000,28600.000,3
SE1,18/03/2019,0.130,0.130,0.125,0.125,1150520,145249.615,29
SE1,19/03/2019,0.130,0.130,0.130,0.130,1249922,162489.860,37
SE1,20/03/2019,0.130,0.130,0.120,0.125,3364961,427829.705,52
SE1,21/03/2019,0.130,0.130,0.125,0.125,1327920,172379.600,23
SE1,22/03/2019,0.130,0.135,0.120,0.120,2172159,275127.915,47
SE1,25/03/2019,0.120,0.120,0.110,0.110,1629509,190399.105,37
SE1,26/03/2019,0.120,0.120,0.120,0.120,4000,480.000,1
SE1,27/03/2019,0.115,0.125,0.110,0.110,1465137,163057.065,27
SE1,28/03/2019,0.115,0.120,0.110,0.115,1283672,144332.270,18
SE1,29/03/2019,0.115,0.115,0.110,0.110,653428,74144.220,11
SE1,01/04/2019,0.115,0.115,0.115,0.115,147159,16923.285,2
SE1,02/04/2019,0.115,0.125,0.115,0.120,1194698,143270.700,50
SE1,03/04/2019,0.120,0.120,0.120,0.120,706184,84742.080,24
SE1,04/04/2019,0.120,0.120,0.115,0.115,880280,102207.110,21
SE1,05/04/2019,0.115,0.120,0.115,0.115,446097,51621.820,10
SE1,08/04/2019,0.120,0.120,0.120,0.120,592109,71053.080,13
SE1,09/04/2019,0.120,0.120,0.110,0.110,785732,92907.670,23
SE1,10/04/2019,0.120,0.120,0.115,0.115,443692,53099.580,20
SE1,11/04/2019,0.120,0.120,0.115,0.115,773026,89638.120,13
SE1,12/04/2019,0.115,0.115,0.115,0.115,494663,56886.245,11
SE1,15/04/2019,0.120,0.120,0.115,0.115,1092181,125620.815,18
SE1,16/04/2019,0.115,0.120,0.115,0.115,1787041,206194.715,31
SE1,17/04/2019,0.115,0.130,0.115,0.125,2347964,286735.587,58
SE1,18/04/2019,0.125,0.140,0.120,0.140,944910,125217.655,55
SE1,23/04/2019,0.145,0.145,0.130,0.135,1344436,188868.120,50
SE1,24/04/2019,0.140,0.160,0.120,0.120,9348225,1310866.753,249
SE1,26/04/2019,0.120,0.135,0.115,0.115,1477243,181840.985,59
SE1,29/04/2019,0.115,0.120,0.110,0.110,662187,76117.970,24
SE1,30/04/2019,0.115,0.115,0.110,0.115,612802,69916.790,20
SE1,01/05/2019,0.115,0.115,0.115,0.115,50898,5853.270,3
SE1,02/05/2019,0.115,0.120,0.115,0.115,197824,23124.760,7
SE1,03/05/2019,0.110,0.110,0.105,0.110,1969605,214592.855,37
SE1,06/05/2019,0.110,0.110,0.105,0.110,432927,46718.755,16
SE1,07/05/2019,0.110,0.115,0.105,0.115,278428,30188.975,17
SE1,08/05/2019,0.105,0.110,0.099,0.110,1036442,105368.720,25
SE1,09/05/2019,0.105,0.105,0.105,0.105,125016,13126.680,1
SE1,10/05/2019,0.105,0.110,0.105,0.110,158621,17155.205,4
SE1,13/05/2019,0.110,0.110,0.100,0.105,718258,74570.060,14
SE1,14/05/2019,0.105,0.110,0.105,0.105,248109,26576.445,9
SE1,15/05/2019,0.110,0.115,0.105,0.115,538636,60263.880,16
SE1,16/05/2019,0.110,0.120,0.110,0.120,508888,57048.140,12
SE1,17/05/2019,0.120,0.125,0.110,0.110,422633,47948.780,10
SE1,20/05/2019,0.115,0.120,0.115,0.120,125000,14500.000,3
SE1,21/05/2019,0.115,0.115,0.110,0.110,590389,66094.735,13
SE1,22/05/2019,0.110,0.110,0.105,0.105,141000,15260.000,4
SE1,23/05/2019,0.105,0.110,0.100,0.105,690750,71739.350,14
SE1,24/05/2019,0.105,0.105,0.105,0.105,400881,42092.505,6
SE1,27/05/2019,0.105,0.105,0.105,0.105,204500,21472.500,9
SE1,28/05/2019,0.110,0.110,0.110,0.110,386279,42490.690,7
SE1,29/05/2019,0.110,0.110,0.110,0.110,161325,17745.750,6
SE1,30/05/2019,0.110,0.110,0.105,0.105,282154,29653.670,10
SE1,31/05/2019,0.105,0.110,0.105,0.110,435063,46066.930,9
SE1,03/06/2019,0.110,0.110,0.105,0.105,307564,32701.750,7
SE1,04/06/2019,0.105,0.105,0.105,0.105,345059,36231.195,6
SE1,05/06/2019,0.105,0.105,0.105,0.105,34000,3570.000,2
SE1,06/06/2019,0.105,0.105,0.105,0.105,94429,9915.045,5
SE1,07/06/2019,0.110,0.110,0.110,0.110,203566,22392.260,4
SE1,11/06/2019,0.110,0.110,0.105,0.105,977690,107450.900,19
SE1,12/06/2019,0.110,0.115,0.110,0.110,460270,51283.210,15
SE1,13/06/2019,0.110,0.110,0.110,0.110,100422,11046.420,3
SE1,14/06/2019,0.110,0.110,0.105,0.110,535563,58696.130,6
SE1,17/06/2019,0.105,0.105,0.105,0.105,270718,28425.390,8
SE1,18/06/2019,0.105,0.110,0.105,0.110,314395,34433.450,7
SE1,19/06/2019,0.110,0.110,0.105,0.110,380820,41111.100,8
SE1,20/06/2019,0.110,0.115,0.110,0.110,826698,91036.780,17
SE1,21/06/2019,0.110,0.110,0.105,0.105,211654,22850.170,28
SE1,24/06/2019,0.110,0.110,0.110,0.110,315073,34658.030,6
SE1,25/06/2019,0.105,0.105,0.100,0.100,1408855,147556.290,24
SE1,26/06/2019,0.105,0.110,0.105,0.110,1024061,112366.710,27
SE1,27/06/2019,0.110,0.120,0.110,0.115,541616,63032.635,21
SE1,28/06/2019,0.120,0.120,0.115,0.120,855051,99893.050,19
SE1,01/07/2019,0.120,0.125,0.120,0.120,756751,90820.120,14
SE1,02/07/2019,0.110,0.115,0.110,0.115,290931,32502.410,12
SE1,03/07/2019,0.115,0.115,0.110,0.110,599385,67929.275,5
SE1,04/07/2019,0.110,0.110,0.110,0.110,657961,72375.710,10
SE1,05/07/2019,0.105,0.105,0.100,0.100,1186111,121790.420,23
SE1,08/07/2019,0.105,0.105,0.105,0.105,427472,44884.560,10
SE1,09/07/2019,0.100,0.100,0.100,0.100,304991,30499.100,9
SE1,10/07/2019,0.105,0.105,0.105,0.105,111095,11664.975,5
SE1,11/07/2019,0.105,0.105,0.105,0.105,187428,19679.940,5
SE1,12/07/2019,0.105,0.105,0.100,0.105,285033,29465.835,13
SE1,15/07/2019,0.105,0.105,0.105,0.105,4866,510.930,1
SE1,16/07/2019,0.110,0.110,0.110,0.110,50000,5500.000,3
SE1,17/07/2019,0.110,0.110,0.110,0.110,15000,1650.000,3
SE1,18/07/2019,0.110,0.115,0.110,0.110,320000,35325.000,8
SE1,19/07/2019,0.110,0.110,0.105,0.105,381701,40937.130,10
SE1,22/07/2019,0.105,0.105,0.105,0.105,119774,12576.270,5
SE1,23/07/2019,0.105,0.115,0.105,0.115,1897717,209294.625,26
SE1,24/07/2019,0.115,0.115,0.110,0.110,231873,25611.030,12
SE1,25/07/2019,0.105,0.105,0.105,0.105,832554,87418.170,19
SE1,26/07/2019,0.105,0.105,0.100,0.100,2019483,204516.925,41
SE1,29/07/2019,0.105,0.105,0.100,0.100,545200,55220.000,12
SE1,30/07/2019,0.105,0.105,0.105,0.105,98003,10290.315,6
SE1,31/07/2019,0.105,0.105,0.099,0.100,855426,85423.235,25
SE1,01/08/2019,0.100,0.105,0.100,0.100,704747,70839.700,14
SE1,02/08/2019,0.100,0.105,0.099,0.105,436493,44203.010,13
SE1,05/08/2019,0.105,0.105,0.100,0.100,317926,32674.544,10
SE1,06/08/2019,0.100,0.100,0.096,0.098,1032277,101208.839,27
SE1,07/08/2019,0.100,0.100,0.099,0.099,106597,10606.679,10
SE1,08/08/2019,0.097,0.099,0.097,0.099,119840,11636.480,4
SE1,09/08/2019,0.099,0.099,0.098,0.099,252452,24961.749,10
SE1,12/08/2019,0.097,0.099,0.097,0.098,520882,50997.318,8
SE1,13/08/2019,0.099,0.099,0.098,0.098,236618,23328.564,5
SE1,14/08/2019,0.098,0.098,0.097,0.098,233507,22822.666,11
SE1,15/08/2019,0.097,0.098,0.096,0.096,988140,95236.242,19
SE1,16/08/2019,0.096,0.098,0.095,0.098,771839,73724.076,11
SE1,19/08/2019,0.098,0.098,0.095,0.095,22521,2172.495,4
SE1,20/08/2019,0.094,0.095,0.092,0.095,196500,18227.500,6
SE1,21/08/2019,0.095,0.096,0.094,0.095,403425,38440.530,9
SE1,22/08/2019,0.000,0.000,0.000,0.095,0,0.000,0
SE1,23/08/2019,0.095,0.095,0.095,0.095,106500,10117.500,2
SE1,26/08/2019,0.095,0.095,0.091,0.091,346548,31957.130,9
SE1,27/08/2019,0.092,0.098,0.091,0.098,103195,9546.227,8
SE1,28/08/2019,0.099,0.099,0.096,0.097,299157,28927.898,7
SE1,29/08/2019,0.099,0.099,0.095,0.097,253089,24480.957,11
SE1,30/08/2019,0.097,0.097,0.092,0.094,497091,46958.611,17
SE1,02/09/2019,0.094,0.096,0.094,0.096,63450,6026.200,4
SE1,03/09/2019,0.094,0.094,0.089,0.089,392844,35330.346,16
SE1,04/09/2019,0.089,0.089,0.078,0.086,333530,27496.000,22
SE1,05/09/2019,0.080,0.088,0.080,0.085,91955,7856.400,4
SE1,06/09/2019,0.081,0.082,0.081,0.082,322718,26260.158,8
SE1,09/09/2019,0.080,0.080,0.078,0.078,205739,16238.798,11
SE1,10/09/2019,0.078,0.083,0.078,0.083,170254,13454.807,7
SE1,11/09/2019,0.090,0.095,0.089,0.089,1002650,90950.585,22
SE1,12/09/2019,0.095,0.096,0.093,0.094,327695,30865.847,11
SE1,13/09/2019,0.094,0.096,0.093,0.095,144681,13707.001,13
SE1,16/09/2019,0.000,0.000,0.000,0.095,0,0.000,0
SE1,17/09/2019,0.095,0.096,0.095,0.096,414794,39540.802,14
SE1,18/09/2019,0.095,0.095,0.095,0.095,185058,17580.510,13
SE1,19/09/2019,0.000,0.000,0.000,0.095,0,0.000,0
SE1,20/09/2019,0.095,0.105,0.095,0.099,415541,40298.584,19
SE1,23/09/2019,0.099,0.100,0.099,0.100,98899,9840.740,10
SE1,24/09/2019,0.100,0.105,0.099,0.099,220018,21986.605,22
SE1,25/09/2019,0.099,0.105,0.090,0.090,569472,52969.215,20
SE1,26/09/2019,0.094,0.100,0.087,0.090,392390,36295.635,24
SE1,27/09/2019,0.090,0.097,0.090,0.096,52741,4795.281,3
SE1,30/09/2019,0.000,0.000,0.000,0.096,0,0.000,0
SE1,01/10/2019,0.000,0.000,0.000,0.096,0,0.000,0
SE1,02/10/2019,0.091,0.091,0.080,0.082,1233303,101599.804,47
SE1,03/10/2019,0.081,0.082,0.073,0.074,2008757,154989.726,60
SE1,04/10/2019,0.077,0.085,0.077,0.082,1203927,96777.939,51
SE1,07/10/2019,0.080,0.080,0.080,0.080,110008,8800.640,3
SE1,08/10/2019,0.078,0.082,0.077,0.079,1523395,119746.256,25
SE1,09/10/2019,0.077,0.077,0.075,0.076,656951,50106.991,15
SE1,10/10/2019,0.076,0.080,0.076,0.076,425566,32683.016,8
SE1,11/10/2019,0.077,0.078,0.077,0.078,182729,14160.962,5
SE1,14/10/2019,0.078,0.080,0.077,0.079,490060,38726.245,13
SE1,15/10/2019,0.077,0.080,0.077,0.077,505232,39407.864,12
SE1,16/10/2019,0.078,0.079,0.078,0.079,200000,15677.140,3
SE1,17/10/2019,0.077,0.077,0.074,0.074,1634973,123649.118,28
SE1,18/10/2019,0.074,0.074,0.073,0.074,723154,53438.811,16
SE1,21/10/2019,0.073,0.074,0.071,0.074,827134,60809.432,14
SE1,22/10/2019,0.073,0.077,0.073,0.077,193735,14242.655,7
SE1,23/10/2019,0.073,0.073,0.069,0.069,650214,45836.476,15
SE1,24/10/2019,0.070,0.072,0.064,0.065,1383409,92601.853,27
SE1,25/10/2019,0.067,0.069,0.066,0.066,875343,59551.005,10
SE1,28/10/2019,0.067,0.071,0.066,0.070,936003,62856.018,22
SE1,29/10/2019,0.000,0.000,0.000,0.070,0,0.000,0
SE1,30/10/2019,0.066,0.068,0.065,0.068,74781,4933.701,8
SE1,31/10/2019,0.069,0.069,0.061,0.061,2173930,137817.997,32
SE1,01/11/2019,0.063,0.065,0.061,0.061,972515,61178.832,22
SE1,04/11/2019,0.062,0.062,0.061,0.061,298712,18370.254,10
SE1,05/11/2019,0.061,0.064,0.061,0.064,243065,14890.030,7
SE1,06/11/2019,0.065,0.069,0.065,0.069,277106,18472.890,8
SE1,07/11/2019,0.070,0.070,0.068,0.068,277000,18840.000,4
SE1,08/11/2019,0.066,0.068,0.064,0.068,215026,14075.690,10
SE1,11/11/2019,0.000,0.000,0.000,0.068,0,0.000,0
SE1,12/11/2019,0.000,0.000,0.000,0.068,0,0.000,0
SE1,13/11/2019,0.063,0.063,0.062,0.063,694388,43642.510,10
SE1,14/11/2019,0.060,0.066,0.060,0.064,175708,11112.480,9
SE1,15/11/2019,0.065,0.065,0.062,0.062,74405,4632.688,2
SE1,18/11/2019,0.068,0.069,0.065,0.067,431899,29190.068,10
SE1,19/11/2019,0.067,0.067,0.067,0.067,120000,8040.000,3
SE1,20/11/2019,0.070,0.075,0.069,0.074,690314,49426.469,18
SE1,21/11/2019,0.074,0.074,0.072,0.072,157000,11488.000,6
SE1,22/11/2019,0.072,0.074,0.072,0.073,107000,7743.000,6
SE1,25/11/2019,0.071,0.073,0.069,0.071,473501,33519.569,12
SE1,26/11/2019,0.069,0.070,0.065,0.065,544830,36165.090,10
SE1,27/11/2019,0.063,0.070,0.062,0.065,260035,17119.167,11
SE1,28/11/2019,0.063,0.063,0.060,0.062,461641,28199.222,8
SE1,29/11/2019,0.065,0.065,0.055,0.061,416442,24420.693,11
SE1,02/12/2019,0.056,0.061,0.056,0.057,60612,3553.513,6
SE1,03/12/2019,0.060,0.060,0.059,0.059,8000,476.000,2
SE1,04/12/2019,0.056,0.064,0.056,0.060,396984,23854.040,12
SE1,05/12/2019,0.059,0.061,0.059,0.061,240283,14222.697,9
SE1,06/12/2019,0.061,0.064,0.060,0.060,144597,8837.603,8
SE1,09/12/2019,0.060,0.060,0.059,0.060,202723,12070.657,5
SE1,10/12/2019,0.000,0.000,0.000,0.060,0,0.000,0
SE1,11/12/2019,0.058,0.064,0.058,0.064,133704,7814.832,4
SE1,12/12/2019,0.000,0.000,0.000,0.064,0,0.000,0
SE1,13/12/2019,0.000,0.000,0.000,0.064,0,0.000,0
SE1,16/12/2019,0.060,0.060,0.059,0.059,233010,13832.067,4
SE1,17/12/2019,0.060,0.060,0.060,0.060,35000,2100.000,1
SE1,18/12/2019,0.059,0.059,0.058,0.058,331295,19360.109,6
SE1,19/12/2019,0.057,0.060,0.057,0.059,79612,4594.404,5
SE1,20/12/2019,0.060,0.060,0.060,0.060,11801,708.060,1
SE1,23/12/2019,0.000,0.000,0.000,0.060,0,0.000,0
SE1,24/12/2019,0.000,0.000,0.000,0.060,0,0.000,0
SE1,27/12/2019,0.057,0.058,0.055,0.057,156668,8757.341,8
SE1,30/12/2019,0.057,0.058,0.057,0.058,252405,14575.894,7
SE1,31/12/2019,0.057,0.057,0.056,0.056,196540,11106.240,4
SE1,02/01/2020,0.000,0.000,0.000,0.056,0,0.000,0
SE1,03/01/2020,0.056,0.056,0.056,0.056,102460,5737.760,3
SE1,06/01/2020,0.000,0.000,0.000,0.056,0,0.000,0
SE1,07/01/2020,0.056,0.056,0.055,0.056,45203,2516.665,3
SE1,08/01/2020,0.057,0.057,0.057,0.057,4000,228.000,1
SE1,09/01/2020,0.055,0.055,0.050,0.052,1109862,57105.805,23
SE1,10/01/2020,0.052,0.053,0.049,0.052,365343,18523.817,10
SE1,13/01/2020,0.050,0.050,0.049,0.050,143500,7146.500,7
SE1,14/01/2020,0.050,0.052,0.050,0.052,183000,9158.000,6
SE1,15/01/2020,0.050,0.050,0.049,0.050,91500,4573.920,4
SE1,16/01/2020,0.050,0.050,0.050,0.050,333375,16668.750,7
SE1,17/01/2020,0.050,0.050,0.044,0.045,424280,19597.530,10
SE1,20/01/2020,0.044,0.050,0.044,0.050,620169,28321.876,10
SE1,21/01/2020,0.047,0.047,0.047,0.047,50000,2350.000,1
SE1,22/01/2020,0.047,0.047,0.047,0.047,41000,1927.000,3
SE1,23/01/2020,0.000,0.000,0.000,0.047,0,0.000,0
SE1,24/01/2020,0.000,0.000,0.000,0.047,0,0.000,0
SE1,28/01/2020,0.000,0.000,0.000,0.047,0,0.000,0
SE1,29/01/2020,0.000,0.000,0.000,0.047,0,0.000,0
SE1,30/01/2020,0.000,0.000,0.000,0.047,0,0.000,0
SE1,31/01/2020,0.000,0.000,0.000,0.047,0,0.000,0
SE1,03/02/2020,0.030,0.042,0.014,0.019,12351968,240193.083,152
SE1,04/02/2020,0.019,0.023,0.016,0.021,9800329,191580.076,149
SE1,05/02/2020,0.021,0.023,0.017,0.020,3414763,65616.549,33
SE1,06/02/2020,0.019,0.021,0.019,0.020,3734365,74221.216,42
SE1,07/02/2020,0.019,0.019,0.017,0.018,3297478,59293.060,32
SE1,10/02/2020,0.018,0.018,0.016,0.016,813664,13838.560,11
SE1,11/02/2020,0.015,0.015,0.012,0.012,5253238,70361.199,42
SE1,12/02/2020,0.012,0.012,0.009,0.012,6589292,73734.734,51
SE1,13/02/2020,0.013,0.015,0.013,0.013,3634321,50364.636,32
SE1,14/02/2020,0.013,0.013,0.013,0.013,377460,4906.980,9
SE1,17/02/2020,0.013,0.013,0.013,0.013,2265724,29454.412,9
SE1,18/02/2020,0.013,0.013,0.013,0.013,2474275,32165.575,6
SE1,19/02/2020,0.012,0.012,0.010,0.010,2684118,29301.336,19
SE1,20/02/2020,0.011,0.011,0.009,0.009,3847310,38076.043,30
SE1,21/02/2020,0.011,0.012,0.010,0.010,4771687,50521.873,33
SE1,24/02/2020,0.009,0.009,0.009,0.009,1447315,13025.835,14
SE1,25/02/2020,0.009,0.009,0.008,0.008,2316600,20135.400,20
SE1,26/02/2020,0.007,0.008,0.007,0.008,339902,2632.814,3
SE1,27/02/2020,0.009,0.010,0.009,0.009,2520109,23180.981,12
SE1,28/02/2020,0.008,0.008,0.008,0.008,1475000,11800.000,7
SE1,02/03/2020,0.009,0.011,0.008,0.008,1152624,10594.507,11
SE1,03/03/2020,0.008,0.008,0.008,0.008,2588955,20711.640,12
SE1,04/03/2020,0.009,0.011,0.009,0.009,3043938,29048.051,25
SE1,05/03/2020,0.009,0.016,0.009,0.015,12937252,170367.989,106
SE1,06/03/2020,0.014,0.015,0.014,0.014,4189032,59646.448,30
SE1,09/03/2020,0.014,0.014,0.010,0.011,1725962,18955.400,15
SE1,10/03/2020,0.011,0.012,0.010,0.010,2170758,23628.380,18
SE1,11/03/2020,0.011,0.012,0.010,0.010,3200686,34032.703,23
SE1,12/03/2020,0.009,0.009,0.009,0.009,2197435,19776.915,12
SE1,13/03/2020,0.008,0.009,0.007,0.009,3069318,22964.483,16
SE1,16/03/2020,0.008,0.009,0.008,0.009,413250,3469.250,2
SE1,17/03/2020,0.007,0.008,0.007,0.008,1108234,8257.472,6
SE1,18/03/2020,0.007,0.007,0.006,0.006,3352909,22186.696,13
SE1,19/03/2020,0.006,0.006,0.005,0.005,3139020,16820.100,19
SE1,20/03/2020,0.006,0.006,0.004,0.006,7262600,39517.744,33
SE1,23/03/2020,0.005,0.005,0.004,0.004,2458667,11234.668,16
SE1,24/03/2020,0.004,0.004,0.004,0.004,946000,3784.000,8
SE1,25/03/2020,0.004,0.005,0.004,0.004,2599429,11197.716,16
SE1,26/03/2020,0.003,0.004,0.002,0.004,13099929,39107.089,52
SE1,27/03/2020,0.004,0.004,0.003,0.004,2238584,8915.752,6
SE1,30/03/2020,0.004,0.004,0.004,0.004,350000,1400.000,1
SE1,31/03/2020,0.004,0.004,0.004,0.004,555000,2220.000,2
SE1,01/04/2020,0.004,0.004,0.003,0.003,185000,655.000,4
SE1,02/04/2020,0.000,0.000,0.000,0.003,0,0.000,0
SE1,03/04/2020,0.004,0.004,0.004,0.004,877500,3510.000,8
SE1,06/04/2020,0.004,0.005,0.004,0.005,429534,1843.136,5
SE1,07/04/2020,0.005,0.005,0.004,0.004,1264215,5190.860,8
SE1,08/04/2020,0.004,0.004,0.004,0.004,600000,2400.000,2
SE1,09/04/2020,0.003,0.003,0.003,0.003,474985,1424.955,4
SE1,14/04/2020,0.004,0.005,0.004,0.005,2057200,8905.913,18
SE1,15/04/2020,0.004,0.004,0.004,0.004,122500,490.000,2
SE1,16/04/2020,0.005,0.015,0.005,0.011,22176990,234201.466,168
SE1,17/04/2020,0.013,0.019,0.010,0.010,31910957,472466.563,315
SE1,20/04/2020,0.011,0.016,0.011,0.013,10326520,146229.998,105
SE1,21/04/2020,0.015,0.016,0.014,0.015,9205243,136294.414,70
SE1,22/04/2020,0.016,0.016,0.013,0.013,2736394,41009.033,31
SE1,23/04/2020,0.015,0.021,0.015,0.018,16419212,291195.412,201
SE1,24/04/2020,0.018,0.018,0.016,0.016,3709372,62853.970,41
SE1,27/04/2020,0.018,0.024,0.018,0.022,21737175,445411.327,183
SE1,28/04/2020,0.024,0.025,0.021,0.022,7977713,182955.851,94
SE1,29/04/2020,0.022,0.027,0.018,0.024,22918749,507781.142,233
SE1,30/04/2020,0.025,0.025,0.021,0.021,10772410,234896.754,109
SE1,01/05/2020,0.021,0.021,0.019,0.021,2240748,45334.931,33
SE1,04/05/2020,0.020,0.021,0.019,0.019,1958379,38409.074,31
SE1,05/05/2020,0.020,0.020,0.018,0.018,722967,13957.551,16
SE1,06/05/2020,0.019,0.020,0.018,0.018,1338263,25324.997,20
SE1,07/05/2020,0.018,0.019,0.018,0.018,2540099,45741.782,28
SE1,08/05/2020,0.019,0.019,0.017,0.018,1770138,31352.242,27
SE1,11/05/2020,0.018,0.019,0.018,0.018,642593,11763.763,11
SE1,12/05/2020,0.018,0.018,0.018,0.018,43389,781.002,4
SE1,13/05/2020,0.018,0.019,0.018,0.019,573138,10668.558,6
SE1,14/05/2020,0.019,0.019,0.017,0.017,710626,12515.094,8
SE1,15/05/2020,0.017,0.017,0.015,0.016,2164120,34275.340,23
SE1,18/05/2020,0.016,0.016,0.016,0.016,259824,4157.184,6
SE1,19/05/2020,0.017,0.019,0.017,0.019,1140330,20925.754,10
SE1,20/05/2020,0.020,0.026,0.020,0.026,18594838,426030.220,174
SE1,21/05/2020,0.027,0.029,0.022,0.023,19167609,497739.995,187
SE1,22/05/2020,0.024,0.026,0.024,0.024,4668137,117140.500,53
SE1,25/05/2020,0.025,0.028,0.025,0.028,6774067,178922.838,102
SE1,26/05/2020,0.029,0.032,0.027,0.027,15331203,443424.458,163
SE1,27/05/2020,0.028,0.031,0.027,0.029,6053057,177074.259,71
SE1,28/05/2020,0.030,0.032,0.027,0.027,4494202,134539.088,60
SE1,29/05/2020,0.029,0.029,0.027,0.027,1347042,38022.433,17
SE1,01/06/2020,0.028,0.028,0.026,0.026,863762,23341.574,14
SE1,02/06/2020,0.029,0.030,0.029,0.029,4749340,138212.862,29
SE1,03/06/2020,0.030,0.032,0.030,0.032,2011128,62686.839,31
SE1,04/06/2020,0.032,0.032,0.030,0.030,880059,26554.234,13
SE1,05/06/2020,0.029,0.029,0.028,0.029,851730,24052.751,11
SE1,09/06/2020,0.033,0.039,0.032,0.035,7089045,241893.358,103
SE1,10/06/2020,0.035,0.038,0.031,0.031,4701481,162011.199,81
SE1,11/06/2020,0.031,0.032,0.027,0.029,2090391,60499.221,43
SE1,12/06/2020,0.027,0.029,0.023,0.029,3702361,94598.120,95
SE1,15/06/2020,0.028,0.033,0.026,0.029,8002244,227705.104,91
SE1,16/06/2020,0.031,0.031,0.028,0.030,2032676,59884.075,41
SE1,17/06/2020,0.029,0.032,0.029,0.032,2388491,72533.566,62
SE1,18/06/2020,0.031,0.033,0.031,0.033,2069922,65774.675,42
SE1,19/06/2020,0.033,0.037,0.033,0.037,4616999,162173.844,114
SE1,22/06/2020,0.038,0.038,0.030,0.032,7708550,274650.770,114
SE1,23/06/2020,0.033,0.033,0.031,0.031,1715338,54314.930,34
SE1,24/06/2020,0.032,0.033,0.031,0.031,1185685,37635.658,19
SE1,25/06/2020,0.030,0.030,0.028,0.028,1475411,42604.349,32
SE1,26/06/2020,0.030,0.035,0.029,0.030,2652426,83462.051,39
SE1,29/06/2020,0.029,0.029,0.027,0.027,1801582,50274.378,23
SE1,30/06/2020,0.026,0.029,0.026,0.028,1315592,36469.294,18
SE1,01/07/2020,0.028,0.028,0.027,0.027,699926,19316.601,15
SE1,02/07/2020,0.038,0.060,0.034,0.052,28837605,1210097.827,473
SE1,03/07/2020,0.050,0.058,0.040,0.054,17890722,873388.107,404
SE1,06/07/2020,0.054,0.066,0.053,0.058,21125762,1280225.535,577
SE1,07/07/2020,0.061,0.069,0.059,0.063,16582467,1055087.827,508
SE1,08/07/2020,0.060,0.066,0.056,0.058,5451320,334657.258,142
SE1,09/07/2020,0.058,0.060,0.056,0.057,2966935,171401.391,76
SE1,10/07/2020,0.057,0.057,0.053,0.056,2106529,115074.686,51
SE1,13/07/2020,0.056,0.056,0.048,0.051,2189611,111364.108,54
SE1,14/07/2020,0.051,0.051,0.045,0.046,1886346,89706.527,46
SE1,15/07/2020,0.048,0.050,0.046,0.047,1274832,61153.200,31
SE1,16/07/2020,0.049,0.057,0.049,0.057,4128818,223172.240,111
SE1,17/07/2020,0.057,0.066,0.054,0.062,5011484,311984.624,133
SE1,20/07/2020,0.064,0.064,0.058,0.058,1808069,111970.591,38
SE1,21/07/2020,0.058,0.064,0.057,0.064,2067487,124861.594,51
SE1,22/07/2020,0.064,0.065,0.062,0.064,1111954,70313.653,33
SE1,23/07/2020,0.062,0.063,0.060,0.060,616929,38102.337,14
SE1,24/07/2020,0.064,0.068,0.060,0.068,1949529,128564.580,55
SE1,27/07/2020,0.069,0.074,0.069,0.072,3826460,271659.596,83
SE1,28/07/2020,0.072,0.079,0.071,0.075,2391364,180679.078,71
SE1,29/07/2020,0.076,0.076,0.074,0.076,983880,73219.247,23
SE1,30/07/2020,0.077,0.093,0.077,0.091,4348591,370432.109,218
SE1,31/07/2020,0.090,0.093,0.071,0.072,9222757,740152.254,281
SE1,03/08/2020,0.073,0.074,0.067,0.068,3209075,222703.312,92
SE1,04/08/2020,0.070,0.073,0.067,0.067,919770,63964.552,37
SE1,05/08/2020,0.072,0.072,0.066,0.066,766037,52547.565,23
SE1,06/08/2020,0.066,0.069,0.066,0.066,1347768,90705.276,36
SE1,07/08/2020,0.067,0.067,0.060,0.065,2313473,145454.449,67
SE1,10/08/2020,0.064,0.064,0.054,0.054,7412935,423769.108,164
SE1,11/08/2020,0.055,0.056,0.052,0.053,2910570,156533.990,65
SE1,12/08/2020,0.055,0.055,0.048,0.050,2216880,114916.881,55
SE1,13/08/2020,0.050,0.055,0.049,0.055,2699114,143045.702,53
SE1,14/08/2020,0.056,0.061,0.056,0.061,3126838,184199.007,65
SE1,17/08/2020,0.059,0.060,0.056,0.060,1324772,76855.936,34
SE1,18/08/2020,0.060,0.060,0.059,0.059,1025026,61051.342,22
SE1,19/08/2020,0.059,0.059,0.057,0.057,715306,41828.562,23
SE1,20/08/2020,0.058,0.063,0.058,0.061,1190286,71861.991,35
SE1,21/08/2020,0.062,0.063,0.058,0.059,1343110,79791.751,19
SE1,24/08/2020,0.060,0.060,0.057,0.060,921657,53960.759,26
SE1,25/08/2020,0.060,0.071,0.060,0.071,2341670,157772.249,62
SE1,26/08/2020,0.071,0.071,0.066,0.067,985001,66371.930,23
SE1,27/08/2020,0.067,0.067,0.062,0.063,994216,62960.132,31
SE1,28/08/2020,0.063,0.065,0.063,0.063,221519,14166.794,12
SE1,31/08/2020,0.065,0.068,0.061,0.064,763216,48276.607,28
SE1,01/09/2020,0.064,0.064,0.057,0.058,1549161,90881.781,40
SE1,02/09/2020,0.059,0.062,0.058,0.059,536211,31789.874,16
SE1,03/09/2020,0.062,0.062,0.059,0.060,970256,59413.040,18
SE1,04/09/2020,0.062,0.062,0.055,0.058,1615618,92282.678,31
SE1,07/09/2020,0.058,0.058,0.055,0.055,743341,41748.118,25
SE1,08/09/2020,0.054,0.055,0.052,0.054,1491005,79002.032,39
SE1,09/09/2020,0.053,0.053,0.050,0.050,1162314,59945.823,24
SE1,10/09/2020,0.052,0.061,0.052,0.056,1395743,81204.922,43
SE1,11/09/2020,0.057,0.067,0.057,0.064,3547050,219384.621,83
SE1,14/09/2020,0.064,0.066,0.059,0.060,635555,39832.129,23
SE1,15/09/2020,0.065,0.068,0.064,0.066,554694,36314.902,18
SE1,16/09/2020,0.065,0.065,0.059,0.060,934825,56479.963,24
SE1,17/09/2020,0.062,0.062,0.058,0.061,605900,35817.534,19
SE1,18/09/2020,0.060,0.060,0.056,0.058,207960,11960.611,14
SE1,21/09/2020,0.059,0.059,0.058,0.058,100850,5895.894,4
SE1,22/09/2020,0.057,0.058,0.057,0.057,329929,18830.953,10
SE1,23/09/2020,0.056,0.057,0.056,0.057,304908,17279.798,11
SE1,24/09/2020,0.057,0.059,0.056,0.056,269023,15579.482,15
SE1,25/09/2020,0.058,0.058,0.054,0.054,414401,22790.014,12
SE1,28/09/2020,0.056,0.058,0.055,0.056,477350,27070.176,12
SE1,29/09/2020,0.056,0.057,0.055,0.055,1460952,80871.660,30
SE1,30/09/2020,0.055,0.055,0.052,0.053,1288687,68428.631,33
SE1,01/10/2020,0.053,0.055,0.053,0.053,1349637,73428.139,39
SE1,02/10/2020,0.054,0.055,0.050,0.050,2053774,108417.878,28
SE1,05/10/2020,0.050,0.055,0.050,0.053,718192,37988.972,16
SE1,06/10/2020,0.058,0.067,0.055,0.062,10909101,656816.064,216
SE1,07/10/2020,0.061,0.064,0.060,0.064,1737841,106969.160,43
SE1,08/10/2020,0.067,0.073,0.066,0.070,7243865,502289.474,152
SE1,09/10/2020,0.069,0.069,0.065,0.065,2449987,165019.619,43
SE1,12/10/2020,0.066,0.068,0.064,0.064,863686,56933.343,22
SE1,13/10/2020,0.067,0.068,0.060,0.060,3793783,240312.182,60
SE1,14/10/2020,0.063,0.074,0.061,0.070,9294015,638235.100,181
SE1,15/10/2020,0.072,0.076,0.071,0.072,4483295,330258.261,96
SE1,16/10/2020,0.072,0.076,0.070,0.073,2358167,171174.980,68
SE1,19/10/2020,0.075,0.085,0.075,0.084,6187636,497800.794,183
SE1,20/10/2020,0.084,0.085,0.079,0.080,4821747,390793.179,104
SE1,21/10/2020,0.081,0.082,0.077,0.079,2079729,165047.228,75
SE1,22/10/2020,0.079,0.086,0.077,0.085,4602548,371949.783,91
SE1,23/10/2020,0.086,0.098,0.084,0.094,12234228,1116769.188,508
SE1,26/10/2020,0.100,0.115,0.097,0.110,17448918,1830511.447,427
SE1,27/10/2020,0.105,0.110,0.090,0.093,18242697,1813316.533,643
SE1,28/10/2020,0.096,0.098,0.091,0.092,6484740,611849.143,264
SE1,29/10/2020,0.088,0.105,0.086,0.097,7050432,673769.803,290
SE1,30/10/2020,0.100,0.100,0.075,0.075,20185851,1734478.129,638
SE1,02/11/2020,0.077,0.083,0.073,0.079,5631340,444907.847,150
SE1,03/11/2020,0.079,0.080,0.073,0.075,1201028,92239.835,38
SE1,04/11/2020,0.075,0.081,0.071,0.081,4109756,313353.817,67
SE1,05/11/2020,0.080,0.085,0.079,0.083,1174722,95972.416,37
SE1,06/11/2020,0.085,0.088,0.083,0.083,1546442,132234.688,79
SE1,09/11/2020,0.085,0.087,0.083,0.085,2481879,211926.265,64
SE1,10/11/2020,0.083,0.083,0.076,0.078,4195813,333074.280,107
SE1,11/11/2020,0.080,0.082,0.076,0.076,1791803,140579.571,38
SE1,12/11/2020,0.078,0.080,0.076,0.076,1581235,121884.897,28
SE1,13/11/2020,0.077,0.081,0.074,0.081,2824397,218649.416,68
SE1,16/11/2020,0.080,0.080,0.077,0.078,292095,22969.110,10
SE1,17/11/2020,0.078,0.080,0.075,0.079,1958527,151565.649,69
SE1,18/11/2020,0.080,0.087,0.078,0.078,5091060,420957.673,153
SE1,19/11/2020,0.077,0.080,0.074,0.074,3907144,299472.697,85
SE1,20/11/2020,0.075,0.076,0.073,0.074,2530195,187798.076,66
SE1,23/11/2020,0.076,0.077,0.075,0.075,1784738,134636.104,46
SE1,24/11/2020,0.078,0.078,0.074,0.076,1142537,86707.511,45
SE1,25/11/2020,0.077,0.078,0.075,0.075,1266816,97261.542,33
SE1,26/11/2020,0.076,0.078,0.076,0.076,751852,57654.875,23
SE1,27/11/2020,0.076,0.079,0.076,0.079,2051378,157472.154,43
SE1,30/11/2020,0.080,0.082,0.075,0.075,5515395,431752.827,114
SE1,01/12/2020,0.077,0.079,0.074,0.079,1958247,148076.433,39
SE1,02/12/2020,0.080,0.100,0.079,0.100,13698059,1231325.631,482
SE1,03/12/2020,0.100,0.105,0.090,0.100,14134771,1381180.970,421
SE1,04/12/2020,0.100,0.105,0.099,0.105,4622191,467675.207,147
SE1,07/12/2020,0.110,0.130,0.110,0.125,10194925,1221923.190,291
SE1,08/12/2020,0.125,0.127,0.120,0.125,6226351,761135.907,188
SE1,09/12/2020,0.115,0.115,0.092,0.105,26297648,2668679.648,742
SE1,10/12/2020,0.100,0.105,0.093,0.095,7200432,696523.710,203
SE1,11/12/2020,0.092,0.093,0.086,0.090,4643826,419421.159,142
SE1,14/12/2020,0.087,0.095,0.086,0.092,5461946,490550.825,149
SE1,15/12/2020,0.092,0.093,0.085,0.085,1848145,162223.859,55
SE1,16/12/2020,0.086,0.088,0.078,0.082,3873615,317445.831,103
SE1,17/12/2020,0.081,0.088,0.079,0.088,2568976,212951.690,68
SE1,18/12/2020,0.089,0.100,0.089,0.093,6840757,658149.260,205
SE1,21/12/2020,0.100,0.105,0.097,0.098,5403627,538584.610,139
SE1,22/12/2020,0.097,0.102,0.095,0.095,4103257,406319.264,82
SE1,23/12/2020,0.097,0.110,0.097,0.100,4272286,446940.620,118
SE1,24/12/2020,0.100,0.105,0.100,0.100,2023269,208677.645,64
SE1,29/12/2020,0.105,0.110,0.099,0.099,1521271,157958.142,67
SE1,30/12/2020,0.105,0.110,0.099,0.099,1856544,191721.974,70
SE1,31/12/2020,0.100,0.105,0.100,0.100,474554,48359.835,27
SE1,04/01/2021,0.100,0.100,0.092,0.096,3236630,315384.220,114
SE1,05/01/2021,0.097,0.100,0.097,0.099,1968264,195180.039,70
SE1,06/01/2021,0.099,0.102,0.096,0.096,1236355,122258.758,53
SE1,07/01/2021,0.098,0.098,0.091,0.094,2660797,250536.748,93
SE1,08/01/2021,0.094,0.097,0.092,0.093,1303080,122578.014,53
SE1,11/01/2021,0.095,0.095,0.090,0.091,2075610,189673.267,60
SE1,12/01/2021,0.091,0.093,0.091,0.092,722004,66110.368,19
SE1,13/01/2021,0.090,0.090,0.084,0.088,5891472,516091.585,123
SE1,14/01/2021,0.088,0.088,0.083,0.086,2404054,203351.106,73
SE1,15/01/2021,0.085,0.088,0.085,0.086,1199390,103452.232,43
SE1,18/01/2021,0.086,0.086,0.080,0.082,3688155,301632.020,95
SE1,19/01/2021,0.083,0.083,0.078,0.078,2161889,172555.433,63
SE1,20/01/2021,0.079,0.085,0.079,0.085,1622292,132746.399,58
SE1,21/01/2021,0.085,0.085,0.082,0.084,944991,79421.148,30
SE1,22/01/2021,0.084,0.086,0.081,0.085,756519,62978.137,18
SE1,25/01/2021,0.088,0.088,0.084,0.084,659823,56360.863,23
SE1,27/01/2021,0.085,0.085,0.080,0.080,1850035,151723.535,58
SE1,28/01/2021,0.079,0.080,0.072,0.074,6058217,462056.862,167
SE1,29/01/2021,0.076,0.077,0.072,0.072,2491838,184686.473,62
SE1,01/02/2021,0.072,0.072,0.064,0.069,1821390,124575.268,69
SE1,02/02/2021,0.074,0.075,0.071,0.073,2621152,191115.328,56
SE1,03/02/2021,0.073,0.084,0.072,0.078,3251623,251950.181,65
SE1,04/02/2021,0.079,0.082,0.078,0.082,1198290,96005.009,36
SE1,05/02/2021,0.083,0.084,0.077,0.081,1119887,91168.470,46
SE1,08/02/2021,0.081,0.082,0.078,0.079,1212098,96691.943,38
SE1,09/02/2021,0.079,0.079,0.075,0.076,893846,68387.295,56
SE1,10/02/2021,0.077,0.078,0.074,0.074,1820075,139301.920,38
SE1,11/02/2021,0.074,0.076,0.071,0.071,972340,71594.859,33
SE1,12/02/2021,0.073,0.081,0.073,0.076,1256030,97425.724,30
SE1,15/02/2021,0.077,0.078,0.071,0.073,1458724,105822.364,35
SE1,16/02/2021,0.073,0.077,0.073,0.077,925199,69816.703,36
SE1,17/02/2021,0.077,0.084,0.074,0.084,2811934,226948.188,66
SE1,18/02/2021,0.085,0.095,0.083,0.084,4150047,367203.974,127
SE1,19/02/2021,0.087,0.087,0.083,0.085,1722979,146003.125,92
SE1,22/02/2021,0.085,0.085,0.078,0.080,1982338,157037.731,44
SE1,23/02/2021,0.079,0.079,0.077,0.077,1907981,147539.147,37
SE1,24/02/2021,0.077,0.077,0.070,0.074,3594423,264112.014,59
SE1,25/02/2021,0.074,0.074,0.072,0.074,141276,10237.468,8
SE1,26/02/2021,0.073,0.080,0.073,0.078,1913134,149927.499,38
SE1,01/03/2021,0.078,0.081,0.076,0.081,1785209,140663.942,37
SE1,02/03/2021,0.080,0.081,0.074,0.077,1014762,79043.168,29
SE1,03/03/2021,0.078,0.079,0.074,0.074,1959156,150056.286,25
SE1,04/03/2021,0.078,0.078,0.073,0.073,504384,37891.773,14
SE1,05/03/2021,0.074,0.075,0.070,0.071,1048770,74444.570,37
SE1,08/03/2021,0.073,0.073,0.073,0.073,131554,9603.442,10
SE1,09/03/2021,0.073,0.074,0.070,0.072,545350,39836.513,17
SE1,10/03/2021,0.073,0.075,0.072,0.074,792906,58325.667,23
SE1,11/03/2021,0.074,0.074,0.070,0.073,226173,16077.664,7
SE1,12/03/2021,0.073,0.073,0.071,0.072,82218,5910.029,9
SE1,15/03/2021,0.073,0.073,0.070,0.071,1434043,101224.988,44
SE1,16/03/2021,0.072,0.072,0.071,0.072,198074,14234.677,9
SE1,17/03/2021,0.072,0.072,0.070,0.070,478002,33641.429,15
SE1,18/03/2021,0.071,0.071,0.067,0.067,1177713,81499.682,40
SE1,19/03/2021,0.067,0.068,0.063,0.068,743627,48871.277,27
SE1,22/03/2021,0.069,0.069,0.066,0.068,676250,45476.621,28
SE1,23/03/2021,0.068,0.068,0.065,0.067,1232940,81132.516,32
SE1,24/03/2021,0.067,0.068,0.065,0.067,690995,46080.963,16
SE1,25/03/2021,0.067,0.068,0.063,0.066,2083732,136926.740,38
SE1,26/03/2021,0.068,0.068,0.066,0.066,1706986,114616.601,38
SE1,29/03/2021,0.066,0.068,0.065,0.065,1011724,66846.522,20
SE1,30/03/2021,0.065,0.066,0.064,0.064,1867429,120998.179,31
SE1,31/03/2021,0.063,0.065,0.063,0.064,3299831,211489.566,36
SE1,01/04/2021,0.065,0.067,0.064,0.067,1025707,67086.822,29
SE1,06/04/2021,0.067,0.068,0.066,0.068,1419259,95574.083,39
SE1,07/04/2021,0.071,0.080,0.071,0.080,4720444,358929.240,109
SE1,08/04/2021,0.077,0.087,0.077,0.078,2356809,188821.516,79
SE1,09/04/2021,0.078,0.087,0.078,0.086,1590631,135677.743,53
SE1,12/04/2021,0.087,0.087,0.083,0.086,1681944,142404.310,40
SE1,13/04/2021,0.086,0.086,0.080,0.085,421291,34867.686,16
SE1,14/04/2021,0.085,0.085,0.080,0.082,251418,20528.080,17
SE1,15/04/2021,0.082,0.084,0.082,0.084,467014,38544.786,17
SE1,16/04/2021,0.084,0.085,0.080,0.085,1365318,113057.693,36
SE1,19/04/2021,0.084,0.085,0.081,0.081,526972,44020.601,19
SE1,20/04/2021,0.082,0.082,0.074,0.080,1211321,94142.793,28
SE1,21/04/2021,0.084,0.084,0.077,0.079,826503,65659.506,21
SE1,22/04/2021,0.081,0.081,0.081,0.081,62,5.022,1
SE1,23/04/2021,0.081,0.081,0.076,0.076,196720,15283.531,10
SE1,26/04/2021,0.077,0.077,0.070,0.072,1772340,128579.158,36
SE1,27/04/2021,0.060,0.065,0.056,0.061,7305429,440983.363,149
SE1,28/04/2021,0.060,0.062,0.059,0.062,1554804,94371.811,34
SE1,29/04/2021,0.065,0.065,0.059,0.060,1122423,68649.891,24
SE1,30/04/2021,0.061,0.061,0.056,0.056,1610347,94796.832,34
SE1,03/05/2021,0.058,0.066,0.058,0.066,3556069,221491.255,75
SE1,04/05/2021,0.066,0.070,0.066,0.068,731530,48953.392,24
SE1,05/05/2021,0.067,0.067,0.062,0.066,768662,49317.597,21
SE1,06/05/2021,0.069,0.069,0.061,0.065,1649184,105740.257,38
SE1,07/05/2021,0.065,0.070,0.065,0.068,874890,59642.358,33
SE1,10/05/2021,0.063,0.065,0.062,0.064,290212,18279.135,8
SE1,11/05/2021,0.064,0.064,0.058,0.058,1989813,120739.173,32
